epoch,exposure_train_loss,exposure_val_loss,step
0,2.9221956729888916,,0
0,,2.6504886150360107,0
1,2.9079551696777344,,1
1,,2.64982271194458,1
2,2.8939011096954346,,2
2,,2.649150848388672,2
3,2.880054473876953,,3
3,,2.648495674133301,3
4,2.866428852081299,,4
4,,2.6478285789489746,4
5,2.8529903888702393,,5
5,,2.647118091583252,5
6,2.8397443294525146,,6
6,,2.646383047103882,6
7,2.8267383575439453,,7
7,,2.6455838680267334,7
8,2.8139758110046387,,8
8,,2.644727945327759,8
9,2.8014707565307617,,9
9,,2.6437578201293945,9
10,2.789231538772583,,10
10,,2.6426687240600586,10
11,2.7772586345672607,,11
11,,2.641462802886963,11
12,2.7655577659606934,,12
12,,2.6401243209838867,12
13,2.7541348934173584,,13
13,,2.6386659145355225,13
14,2.743001937866211,,14
14,,2.6370818614959717,14
15,2.7320966720581055,,15
15,,2.6353135108947754,15
16,2.7214155197143555,,16
16,,2.6333768367767334,16
17,2.7109792232513428,,17
17,,2.6312530040740967,17
18,2.700793981552124,,18
18,,2.6289660930633545,18
19,2.6908321380615234,,19
19,,2.6265199184417725,19
20,2.681104898452759,,20
20,,2.6238837242126465,20
21,2.671621322631836,,21
21,,2.620962381362915,21
22,2.6624042987823486,,22
22,,2.6178019046783447,22
23,2.6534433364868164,,23
23,,2.6143994331359863,23
24,2.6447033882141113,,24
24,,2.6108129024505615,24
25,2.636183261871338,,25
25,,2.607086420059204,25
26,2.6279234886169434,,26
26,,2.603163242340088,26
27,2.6199159622192383,,27
27,,2.599047899246216,27
28,2.612168550491333,,28
28,,2.594860792160034,28
29,2.604673147201538,,29
29,,2.5905611515045166,29
30,2.597419500350952,,30
30,,2.586238384246826,30
31,2.5904014110565186,,31
31,,2.5819411277770996,31
32,2.5836310386657715,,32
32,,2.577618360519409,32
33,2.577101469039917,,33
33,,2.5732343196868896,33
34,2.5707714557647705,,34
34,,2.56880784034729,34
35,2.5646541118621826,,35
35,,2.5644278526306152,35
36,2.558774709701538,,36
36,,2.5600547790527344,36
37,2.553107976913452,,37
37,,2.555776596069336,37
38,2.547638177871704,,38
38,,2.5516207218170166,38
39,2.5423531532287598,,39
39,,2.547550916671753,39
40,2.537257194519043,,40
40,,2.543638229370117,40
41,2.5323472023010254,,41
41,,2.539856433868408,41
42,2.5276010036468506,,42
42,,2.5362465381622314,42
43,2.523019313812256,,43
43,,2.53281307220459,43
44,2.518610954284668,,44
44,,2.5294976234436035,44
45,2.514350652694702,,45
45,,2.526334285736084,45
46,2.510239362716675,,46
46,,2.5232129096984863,46
47,2.506276845932007,,47
47,,2.5201759338378906,47
48,2.5024662017822266,,48
48,,2.5172269344329834,48
49,2.4988040924072266,,49
49,,2.5144057273864746,49
50,2.495283603668213,,50
50,,2.5117411613464355,50
51,2.4918980598449707,,51
51,,2.5092155933380127,51
52,2.488637685775757,,52
52,,2.5068347454071045,52
53,2.4855167865753174,,53
53,,2.5045368671417236,53
54,2.4825196266174316,,54
54,,2.5023281574249268,54
55,2.479640007019043,,55
55,,2.5002214908599854,55
56,2.476870536804199,,56
56,,2.498213768005371,56
57,2.4742066860198975,,57
57,,2.4963066577911377,57
58,2.471639633178711,,58
58,,2.4945192337036133,58
59,2.469160318374634,,59
59,,2.492819309234619,59
60,2.466770887374878,,60
60,,2.491171360015869,60
61,2.464461326599121,,61
61,,2.4895970821380615,61
62,2.462230682373047,,62
62,,2.488050937652588,62
63,2.4600863456726074,,63
63,,2.4865639209747314,63
64,2.458012580871582,,64
64,,2.485139846801758,64
65,2.4560093879699707,,65
65,,2.483764171600342,65
66,2.4540834426879883,,66
66,,2.482428789138794,66
67,2.452227830886841,,67
67,,2.4811365604400635,67
68,2.4504470825195312,,68
68,,2.479884624481201,68
69,2.44872784614563,,69
69,,2.4786927700042725,69
70,2.4470651149749756,,70
70,,2.4775497913360596,70
71,2.4454543590545654,,71
71,,2.4764461517333984,71
72,2.443894147872925,,72
72,,2.4753715991973877,72
73,2.4423863887786865,,73
73,,2.474318265914917,73
74,2.4409244060516357,,74
74,,2.4733004570007324,74
75,2.4395081996917725,,75
75,,2.4723024368286133,75
76,2.4381282329559326,,76
76,,2.471318244934082,76
77,2.4367780685424805,,77
77,,2.470344066619873,77
78,2.435464382171631,,78
78,,2.469378709793091,78
79,2.4341742992401123,,79
79,,2.468424081802368,79
80,2.4329092502593994,,80
80,,2.467475652694702,80
81,2.4316723346710205,,81
81,,2.466536045074463,81
82,2.4304604530334473,,82
82,,2.465606927871704,82
83,2.429267406463623,,83
83,,2.4646849632263184,83
84,2.4280929565429688,,84
84,,2.4637792110443115,84
85,2.4269375801086426,,85
85,,2.462885856628418,85
86,2.425800323486328,,86
86,,2.462006092071533,86
87,2.4246835708618164,,87
87,,2.4611356258392334,87
88,2.423583507537842,,88
88,,2.460275888442993,88
89,2.4224953651428223,,89
89,,2.459428310394287,89
90,2.4214258193969727,,90
90,,2.458594799041748,90
91,2.4203691482543945,,91
91,,2.4577701091766357,91
92,2.4193241596221924,,92
92,,2.4569602012634277,92
93,2.4182958602905273,,93
93,,2.4561638832092285,93
94,2.4172780513763428,,94
94,,2.4553937911987305,94
95,2.416274070739746,,95
95,,2.4546403884887695,95
96,2.415280818939209,,96
96,,2.45390248298645,96
97,2.4142982959747314,,97
97,,2.4531731605529785,97
98,2.413327217102051,,98
98,,2.4524590969085693,98
99,2.4123642444610596,,99
99,,2.4517550468444824,99
100,2.411410093307495,,100
100,,2.451058864593506,100
101,2.410463333129883,,101
101,,2.450371742248535,101
102,2.409522294998169,,102
102,,2.449693441390991,102
103,2.408588409423828,,103
103,,2.4490230083465576,103
104,2.407660961151123,,104
104,,2.4483540058135986,104
105,2.4067392349243164,,105
105,,2.447683334350586,105
106,2.405824661254883,,106
106,,2.447009801864624,106
107,2.4049184322357178,,107
107,,2.446335792541504,107
108,2.4040169715881348,,108
108,,2.445659875869751,108
109,2.4031221866607666,,109
109,,2.4449925422668457,109
110,2.402233600616455,,110
110,,2.4443368911743164,110
111,2.4013524055480957,,111
111,,2.443686008453369,111
112,2.4004735946655273,,112
112,,2.443042516708374,112
113,2.399599075317383,,113
113,,2.4424078464508057,113
114,2.398731231689453,,114
114,,2.4417810440063477,114
115,2.397869348526001,,115
115,,2.441159248352051,115
116,2.3970141410827637,,116
116,,2.440537214279175,116
117,2.396162509918213,,117
117,,2.4399149417877197,117
118,2.3953142166137695,,118
118,,2.4392991065979004,118
119,2.3944718837738037,,119
119,,2.438687324523926,119
120,2.3936357498168945,,120
120,,2.438082456588745,120
121,2.3928027153015137,,121
121,,2.4374866485595703,121
122,2.391972303390503,,122
122,,2.436893939971924,122
123,2.3911447525024414,,123
123,,2.4363009929656982,123
124,2.390319347381592,,124
124,,2.4357082843780518,124
125,2.3894970417022705,,125
125,,2.4351165294647217,125
126,2.3886783123016357,,126
126,,2.4345273971557617,126
127,2.3878612518310547,,127
127,,2.43394136428833,127
128,2.3870465755462646,,128
128,,2.4333579540252686,128
129,2.3862345218658447,,129
129,,2.4327774047851562,129
130,2.385425329208374,,130
130,,2.4322025775909424,130
131,2.3846192359924316,,131
131,,2.431637763977051,131
132,2.3838164806365967,,132
132,,2.4310805797576904,132
133,2.3830175399780273,,133
133,,2.430532932281494,133
134,2.382220983505249,,134
134,,2.4299912452697754,134
135,2.3814282417297363,,135
135,,2.4294509887695312,135
136,2.380638360977173,,136
136,,2.4289040565490723,136
137,2.3798513412475586,,137
137,,2.428346872329712,137
138,2.379068374633789,,138
138,,2.4277820587158203,138
139,2.378288984298706,,139
139,,2.4272103309631348,139
140,2.3775136470794678,,140
140,,2.426633834838867,140
141,2.3767433166503906,,141
141,,2.4260473251342773,141
142,2.3759756088256836,,142
142,,2.425452709197998,142
143,2.3752098083496094,,143
143,,2.424849033355713,143
144,2.3744447231292725,,144
144,,2.424239158630371,144
145,2.3736817836761475,,145
145,,2.423628807067871,145
146,2.3729214668273926,,146
146,,2.423013210296631,146
147,2.372161626815796,,147
147,,2.422398567199707,147
148,2.371403455734253,,148
148,,2.421783685684204,148
149,2.3706464767456055,,149
149,,2.421165943145752,149
150,2.369889259338379,,150
150,,2.420541763305664,150
151,2.369133710861206,,151
151,,2.4199106693267822,151
152,2.3683793544769287,,152
152,,2.419276237487793,152
153,2.3676252365112305,,153
153,,2.418637990951538,153
154,2.3668720722198486,,154
154,,2.4180009365081787,154
155,2.366119861602783,,155
155,,2.4173598289489746,155
156,2.365367889404297,,156
156,,2.416717290878296,156
157,2.364617347717285,,157
157,,2.4160687923431396,157
158,2.3638675212860107,,158
158,,2.415414810180664,158
159,2.363119125366211,,159
159,,2.414752721786499,159
160,2.3623721599578857,,160
160,,2.4140851497650146,160
161,2.361625909805298,,161
161,,2.4134163856506348,161
162,2.36087965965271,,162
162,,2.412745714187622,162
163,2.3601338863372803,,163
163,,2.4120800495147705,163
164,2.359389543533325,,164
164,,2.411416530609131,164
165,2.358644962310791,,165
165,,2.410752296447754,165
166,2.3578999042510986,,166
166,,2.4100894927978516,166
167,2.357154369354248,,167
167,,2.409430503845215,167
168,2.3564095497131348,,168
168,,2.4087765216827393,168
169,2.3556647300720215,,169
169,,2.4081244468688965,169
170,2.3549203872680664,,170
170,,2.407473564147949,170
171,2.354175329208374,,171
171,,2.4068281650543213,171
172,2.353431224822998,,172
172,,2.406189203262329,172
173,2.3526859283447266,,173
173,,2.40555739402771,173
174,2.3519411087036133,,174
174,,2.404928207397461,174
175,2.351195812225342,,175
175,,2.4042978286743164,175
176,2.350450038909912,,176
176,,2.4036693572998047,176
177,2.3497042655944824,,177
177,,2.4030447006225586,177
178,2.3489580154418945,,178
178,,2.4024150371551514,178
179,2.3482131958007812,,179
179,,2.401780843734741,179
180,2.3474674224853516,,180
180,,2.4011430740356445,180
181,2.346721649169922,,181
181,,2.400501012802124,181
182,2.345975399017334,,182
182,,2.399862766265869,182
183,2.345228672027588,,183
183,,2.399228096008301,183
184,2.344482660293579,,184
184,,2.398597002029419,184
185,2.343736410140991,,185
185,,2.397970199584961,185
186,2.342989683151245,,186
186,,2.3973495960235596,186
187,2.342242479324341,,187
187,,2.3967337608337402,187
188,2.3414971828460693,,188
188,,2.396130323410034,188
189,2.3407509326934814,,189
189,,2.395531177520752,189
190,2.340005874633789,,190
190,,2.394930601119995,190
191,2.3392605781555176,,191
191,,2.394325017929077,191
192,2.338514566421509,,192
192,,2.393711805343628,192
193,2.3377678394317627,,193
193,,2.3930869102478027,193
194,2.337019681930542,,194
194,,2.392455816268921,194
195,2.336270332336426,,195
195,,2.3918142318725586,195
196,2.335519790649414,,196
196,,2.3911664485931396,196
197,2.334768295288086,,197
197,,2.390517473220825,197
198,2.334016799926758,,198
198,,2.3898699283599854,198
199,2.3332645893096924,,199
199,,2.3892264366149902,199
200,2.3325111865997314,,200
200,,2.388594388961792,200
201,2.331758499145508,,201
201,,2.387970209121704,201
202,2.3310048580169678,,202
202,,2.387355089187622,202
203,2.3302502632141113,,203
203,,2.3867390155792236,203
204,2.329493761062622,,204
204,,2.386115789413452,204
205,2.328735828399658,,205
205,,2.3854832649230957,205
206,2.3279776573181152,,206
206,,2.384845018386841,206
207,2.3272178173065186,,207
207,,2.3842015266418457,207
208,2.326457977294922,,208
208,,2.3835504055023193,208
209,2.3256967067718506,,209
209,,2.3828935623168945,209
210,2.324934244155884,,210
210,,2.3822267055511475,210
211,2.3241708278656006,,211
211,,2.381561517715454,211
212,2.3234055042266846,,212
212,,2.3808979988098145,212
213,2.3226401805877686,,213
213,,2.3802366256713867,213
214,2.3218727111816406,,214
214,,2.3795785903930664,214
215,2.3211047649383545,,215
215,,2.3789238929748535,215
216,2.3203353881835938,,216
216,,2.3782663345336914,216
217,2.3195645809173584,,217
217,,2.3776004314422607,217
218,2.318793296813965,,218
218,,2.376927137374878,218
219,2.3180203437805176,,219
219,,2.376251459121704,219
220,2.3172450065612793,,220
220,,2.3755786418914795,220
221,2.316469192504883,,221
221,,2.3749096393585205,221
222,2.315692663192749,,222
222,,2.3742454051971436,222
223,2.314915418624878,,223
223,,2.373570442199707,223
224,2.314135789871216,,224
224,,2.3728842735290527,224
225,2.3133559226989746,,225
225,,2.3721859455108643,225
226,2.312574625015259,,226
226,,2.371478319168091,226
227,2.3117923736572266,,227
227,,2.370762825012207,227
228,2.3110098838806152,,228
228,,2.3700478076934814,228
229,2.31022572517395,,229
229,,2.369326591491699,229
230,2.309441089630127,,230
230,,2.368598461151123,230
231,2.308654308319092,,231
231,,2.3678596019744873,231
232,2.307866096496582,,232
232,,2.3671164512634277,232
233,2.3070762157440186,,233
233,,2.3663716316223145,233
234,2.306284189224243,,234
234,,2.365626811981201,234
235,2.305490732192993,,235
235,,2.364880323410034,235
236,2.3046960830688477,,236
236,,2.364138603210449,236
237,2.3039002418518066,,237
237,,2.36340069770813,237
238,2.3031020164489746,,238
238,,2.3626646995544434,238
239,2.3023018836975098,,239
239,,2.3619332313537598,239
240,2.3015003204345703,,240
240,,2.361201763153076,240
241,2.300696849822998,,241
241,,2.3604681491851807,241
242,2.2998909950256348,,242
242,,2.3597257137298584,242
243,2.299083709716797,,243
243,,2.358977794647217,243
244,2.2982752323150635,,244
244,,2.358222246170044,244
245,2.297464609146118,,245
245,,2.3574535846710205,245
246,2.2966525554656982,,246
246,,2.3566737174987793,246
247,2.2958385944366455,,247
247,,2.355889081954956,247
248,2.295022487640381,,248
248,,2.355100154876709,248
249,2.2942049503326416,,249
249,,2.3543083667755127,249
250,2.2933850288391113,,250
250,,2.3535163402557373,250
251,2.292564630508423,,251
251,,2.352733850479126,251
252,2.2917420864105225,,252
252,,2.3519608974456787,252
253,2.29091739654541,,253
253,,2.3511996269226074,253
254,2.2900919914245605,,254
254,,2.3504414558410645,254
255,2.289264678955078,,255
255,,2.349674701690674,255
256,2.2884349822998047,,256
256,,2.3488988876342773,256
257,2.2876040935516357,,257
257,,2.3481154441833496,257
258,2.286771774291992,,258
258,,2.347320795059204,258
259,2.285937547683716,,259
259,,2.34652042388916,259
260,2.285101890563965,,260
260,,2.3457226753234863,260
261,2.284264087677002,,261
261,,2.344923734664917,261
262,2.2834246158599854,,262
262,,2.3441200256347656,262
263,2.2825825214385986,,263
263,,2.3433127403259277,263
264,2.2817394733428955,,264
264,,2.3424930572509766,264
265,2.2808945178985596,,265
265,,2.341662645339966,265
266,2.28004789352417,,266
266,,2.340825080871582,266
267,2.2791993618011475,,267
267,,2.3399736881256104,267
268,2.2783493995666504,,268
268,,2.3391168117523193,268
269,2.2774970531463623,,269
269,,2.338261127471924,269
270,2.276644468307495,,270
270,,2.3374130725860596,270
271,2.275790214538574,,271
271,,2.3365628719329834,271
272,2.2749338150024414,,272
272,,2.335704803466797,272
273,2.274075984954834,,273
273,,2.3348450660705566,273
274,2.2732157707214355,,274
274,,2.333986759185791,274
275,2.2723546028137207,,275
275,,2.3331432342529297,275
276,2.271491289138794,,276
276,,2.3323116302490234,276
277,2.2706265449523926,,277
277,,2.3314881324768066,277
278,2.2697606086730957,,278
278,,2.3306684494018555,278
279,2.268893003463745,,279
279,,2.329843044281006,279
280,2.26802396774292,,280
280,,2.329014778137207,280
281,2.26715350151062,,281
281,,2.328176498413086,281
282,2.266281843185425,,282
282,,2.3273282051086426,282
283,2.2654082775115967,,283
283,,2.326474666595459,283
284,2.264533042907715,,284
284,,2.3256094455718994,284
285,2.2636559009552,,285
285,,2.3247334957122803,285
286,2.2627766132354736,,286
286,,2.3238656520843506,286
287,2.2618954181671143,,287
287,,2.3229994773864746,287
288,2.261012077331543,,288
288,,2.322139024734497,288
289,2.2601261138916016,,289
289,,2.321281671524048,289
290,2.2592387199401855,,290
290,,2.3204262256622314,290
291,2.2583491802215576,,291
291,,2.3195691108703613,291
292,2.257457971572876,,292
292,,2.3187153339385986,292
293,2.2565648555755615,,293
293,,2.317870616912842,293
294,2.2556698322296143,,294
294,,2.3170359134674072,294
295,2.2547733783721924,,295
295,,2.316202402114868,295
296,2.2538750171661377,,296
296,,2.315364360809326,296
297,2.252973794937134,,297
297,,2.3145105838775635,297
298,2.2520711421966553,,298
298,,2.3136448860168457,298
299,2.251166582107544,,299
299,,2.312762975692749,299
300,2.2502601146698,,300
300,,2.3118646144866943,300
301,2.2493510246276855,,301
301,,2.3109586238861084,301
302,2.248439311981201,,302
302,,2.310046672821045,302
303,2.2475247383117676,,303
303,,2.3091354370117188,303
304,2.2466094493865967,,304
304,,2.3082215785980225,304
305,2.245692253112793,,305
305,,2.307307481765747,305
306,2.244771718978882,,306
306,,2.3063931465148926,306
307,2.243849277496338,,307
307,,2.3054795265197754,307
308,2.2429251670837402,,308
308,,2.3045716285705566,308
309,2.2419981956481934,,309
309,,2.3036646842956543,309
310,2.241070032119751,,310
310,,2.3027656078338623,310
311,2.240140199661255,,311
311,,2.301870584487915,311
312,2.2392075061798096,,312
312,,2.3009860515594482,312
313,2.2382729053497314,,313
313,,2.300116777420044,313
314,2.237334728240967,,314
314,,2.2992444038391113,314
315,2.2363953590393066,,315
315,,2.29835844039917,315
316,2.235452890396118,,316
316,,2.297454357147217,316
317,2.234508991241455,,317
317,,2.296534538269043,317
318,2.23356294631958,,318
318,,2.2955875396728516,318
319,2.232614278793335,,319
319,,2.2946250438690186,319
320,2.2316629886627197,,320
320,,2.2936508655548096,320
321,2.2307097911834717,,321
321,,2.2926747798919678,321
322,2.2297542095184326,,322
322,,2.291708469390869,322
323,2.2287957668304443,,323
323,,2.2907495498657227,323
324,2.227834463119507,,324
324,,2.289806842803955,324
325,2.2268714904785156,,325
325,,2.2888686656951904,325
326,2.2259058952331543,,326
326,,2.2879254817962646,326
327,2.2249372005462646,,327
327,,2.2869749069213867,327
328,2.2239654064178467,,328
328,,2.286017894744873,328
329,2.222991466522217,,329
329,,2.285062074661255,329
330,2.2220146656036377,,330
330,,2.2841193675994873,330
331,2.221036195755005,,331
331,,2.2831902503967285,331
332,2.220055103302002,,332
332,,2.2822632789611816,332
333,2.2190723419189453,,333
333,,2.281344175338745,333
334,2.2180869579315186,,334
334,,2.2804298400878906,334
335,2.21709942817688,,335
335,,2.2795028686523438,335
336,2.21610951423645,,336
336,,2.2785658836364746,336
337,2.2151169776916504,,337
337,,2.2776131629943848,337
338,2.2141215801239014,,338
338,,2.276657819747925,338
339,2.213124990463257,,339
339,,2.275698184967041,339
340,2.212125062942505,,340
340,,2.2747278213500977,340
341,2.211122751235962,,341
341,,2.273754119873047,341
342,2.2101168632507324,,342
342,,2.272796869277954,342
343,2.209108591079712,,343
343,,2.2718608379364014,343
344,2.2080976963043213,,344
344,,2.2709438800811768,344
345,2.2070837020874023,,345
345,,2.270040273666382,345
346,2.206068277359009,,346
346,,2.269139051437378,346
347,2.2050507068634033,,347
347,,2.2682173252105713,347
348,2.204031229019165,,348
348,,2.2672712802886963,348
349,2.2030086517333984,,349
349,,2.266300678253174,349
350,2.2019848823547363,,350
350,,2.2653374671936035,350
351,2.200958728790283,,351
351,,2.264394521713257,351
352,2.1999306678771973,,352
352,,2.2634658813476562,352
353,2.198899745941162,,353
353,,2.262540817260742,353
354,2.1978657245635986,,354
354,,2.2616097927093506,354
355,2.1968300342559814,,355
355,,2.260667562484741,355
356,2.195791721343994,,356
356,,2.2597010135650635,356
357,2.1947522163391113,,357
357,,2.258704423904419,357
358,2.193709135055542,,358
358,,2.2576918601989746,358
359,2.192664384841919,,359
359,,2.2566707134246826,359
360,2.1916167736053467,,360
360,,2.2556378841400146,360
361,2.190566301345825,,361
361,,2.254612922668457,361
362,2.189513683319092,,362
362,,2.2535860538482666,362
363,2.1884586811065674,,363
363,,2.2525522708892822,363
364,2.187401056289673,,364
364,,2.2515146732330322,364
365,2.1863417625427246,,365
365,,2.2504677772521973,365
366,2.185279369354248,,366
366,,2.249417781829834,366
367,2.1842143535614014,,367
367,,2.248364210128784,367
368,2.1831464767456055,,368
368,,2.2473106384277344,368
369,2.1820766925811768,,369
369,,2.246259927749634,369
370,2.1810052394866943,,370
370,,2.2452101707458496,370
371,2.179931879043579,,371
371,,2.2441651821136475,371
372,2.178856372833252,,372
372,,2.2431247234344482,372
373,2.177778959274292,,373
373,,2.242072582244873,373
374,2.17669939994812,,374
374,,2.2410008907318115,374
375,2.1756174564361572,,375
375,,2.239912271499634,375
376,2.1745331287384033,,376
376,,2.238821029663086,376
377,2.1734459400177,,377
377,,2.2377355098724365,377
378,2.172356367111206,,378
378,,2.236652135848999,378
379,2.171264171600342,,379
379,,2.235572099685669,379
380,2.1701712608337402,,380
380,,2.2344765663146973,380
381,2.1690757274627686,,381
381,,2.2333738803863525,381
382,2.1679768562316895,,382
382,,2.232269525527954,382
383,2.1668753623962402,,383
383,,2.231166124343872,383
384,2.1657721996307373,,384
384,,2.230058431625366,384
385,2.164666175842285,,385
385,,2.228930711746216,385
386,2.1635565757751465,,386
386,,2.227783203125,386
387,2.162445545196533,,387
387,,2.226616382598877,387
388,2.1613306999206543,,388
388,,2.22542667388916,388
389,2.160214424133301,,389
389,,2.224229097366333,389
390,2.159095525741577,,390
390,,2.223037004470825,390
391,2.1579740047454834,,391
391,,2.2218515872955322,391
392,2.1568498611450195,,392
392,,2.2206664085388184,392
393,2.155724287033081,,393
393,,2.219470739364624,393
394,2.154594898223877,,394
394,,2.2182846069335938,394
395,2.1534643173217773,,395
395,,2.217116117477417,395
396,2.1523313522338867,,396
396,,2.215970277786255,396
397,2.151195526123047,,397
397,,2.2148473262786865,397
398,2.150057077407837,,398
398,,2.2137205600738525,398
399,2.148916482925415,,399
399,,2.2125933170318604,399
400,2.147773027420044,,400
400,,2.2114670276641846,400
401,2.1466264724731445,,401
401,,2.2103404998779297,401
402,2.145477533340454,,402
402,,2.209214210510254,402
403,2.144326686859131,,403
403,,2.208080530166626,403
404,2.143172264099121,,404
404,,2.206937551498413,404
405,2.1420164108276367,,405
405,,2.205779552459717,405
406,2.140857458114624,,406
406,,2.2046053409576416,406
407,2.1396968364715576,,407
407,,2.2034168243408203,407
408,2.138533115386963,,408
408,,2.202228546142578,408
409,2.137368679046631,,409
409,,2.2010536193847656,409
410,2.136202096939087,,410
410,,2.199890613555908,410
411,2.135033130645752,,411
411,,2.1987509727478027,411
412,2.133861780166626,,412
412,,2.197639226913452,412
413,2.1326892375946045,,413
413,,2.196540594100952,413
414,2.131513833999634,,414
414,,2.19545316696167,414
415,2.1303348541259766,,415
415,,2.194375991821289,415
416,2.1291542053222656,,416
416,,2.1932907104492188,416
417,2.1279714107513428,,417
417,,2.1921842098236084,417
418,2.1267855167388916,,418
418,,2.1910555362701416,418
419,2.1255972385406494,,419
419,,2.1899192333221436,419
420,2.1244077682495117,,420
420,,2.188793182373047,420
421,2.123215436935425,,421
421,,2.1876885890960693,421
422,2.122020721435547,,422
422,,2.186599016189575,422
423,2.120823621749878,,423
423,,2.185519218444824,423
424,2.119624614715576,,424
424,,2.1844258308410645,424
425,2.118422746658325,,425
425,,2.1833338737487793,425
426,2.117220163345337,,426
426,,2.1822333335876465,426
427,2.1160151958465576,,427
427,,2.181133270263672,427
428,2.1148078441619873,,428
428,,2.1800575256347656,428
429,2.1135988235473633,,429
429,,2.179011344909668,429
430,2.1123883724212646,,430
430,,2.177973747253418,430
431,2.1111748218536377,,431
431,,2.1769297122955322,431
432,2.1099586486816406,,432
432,,2.175874948501587,432
433,2.1087403297424316,,433
433,,2.1748154163360596,433
434,2.10752010345459,,434
434,,2.1737399101257324,434
435,2.1062982082366943,,435
435,,2.172661304473877,435
436,2.105074644088745,,436
436,,2.1715598106384277,436
437,2.1038501262664795,,437
437,,2.1704251766204834,437
438,2.1026222705841064,,438
438,,2.1692748069763184,438
439,2.101392984390259,,439
439,,2.168118953704834,439
440,2.1001620292663574,,440
440,,2.166956901550293,440
441,2.0989296436309814,,441
441,,2.165771007537842,441
442,2.0976955890655518,,442
442,,2.1645665168762207,442
443,2.09645938873291,,443
443,,2.163344621658325,443
444,2.0952227115631104,,444
444,,2.162112236022949,444
445,2.0939829349517822,,445
445,,2.1608736515045166,445
446,2.092742443084717,,446
446,,2.1596124172210693,446
447,2.0914995670318604,,447
447,,2.158350944519043,447
448,2.09025502204895,,448
448,,2.157123565673828,448
449,2.0890092849731445,,449
449,,2.1559367179870605,449
450,2.087761640548706,,450
450,,2.15478515625,450
451,2.0865118503570557,,451
451,,2.1536500453948975,451
452,2.085261821746826,,452
452,,2.152514934539795,452
453,2.0840086936950684,,453
453,,2.1513891220092773,453
454,2.082753896713257,,454
454,,2.15024471282959,454
455,2.081498146057129,,455
455,,2.1490726470947266,455
456,2.0802392959594727,,456
456,,2.147895574569702,456
457,2.078977346420288,,457
457,,2.146709680557251,457
458,2.07771372795105,,458
458,,2.145514488220215,458
459,2.076448678970337,,459
459,,2.1443111896514893,459
460,2.0751821994781494,,460
460,,2.143118381500244,460
461,2.073913097381592,,461
461,,2.1419448852539062,461
462,2.0726425647735596,,462
462,,2.14078950881958,462
463,2.0713706016540527,,463
463,,2.139631748199463,463
464,2.070096731185913,,464
464,,2.138479709625244,464
465,2.0688211917877197,,465
465,,2.1373326778411865,465
466,2.0675437450408936,,466
466,,2.13618540763855,466
467,2.0662646293640137,,467
467,,2.135021448135376,467
468,2.0649847984313965,,468
468,,2.133840322494507,468
469,2.063704252243042,,469
469,,2.1326334476470947,469
470,2.062422513961792,,470
470,,2.13140869140625,470
471,2.0611391067504883,,471
471,,2.13014554977417,471
472,2.0598537921905518,,472
472,,2.1288418769836426,472
473,2.0585672855377197,,473
473,,2.1275296211242676,473
474,2.057279109954834,,474
474,,2.126254081726074,474
475,2.055990219116211,,475
475,,2.1250064373016357,475
476,2.054701566696167,,476
476,,2.1237857341766357,476
477,2.053412437438965,,477
477,,2.1225805282592773,477
478,2.0521223545074463,,478
478,,2.121375560760498,478
479,2.0508310794830322,,479
479,,2.1201820373535156,479
480,2.0495402812957764,,480
480,,2.1189889907836914,480
481,2.048248291015625,,481
481,,2.117797374725342,481
482,2.046954870223999,,482
482,,2.1166183948516846,482
483,2.0456607341766357,,483
483,,2.115449905395508,483
484,2.0443646907806396,,484
484,,2.1142947673797607,484
485,2.0430667400360107,,485
485,,2.1131033897399902,485
486,2.04176664352417,,486
486,,2.111895799636841,486
487,2.0404670238494873,,487
487,,2.110663414001465,487
488,2.039166212081909,,488
488,,2.1093997955322266,488
489,2.0378646850585938,,489
489,,2.1081202030181885,489
490,2.0365617275238037,,490
490,,2.10683274269104,490
491,2.0352563858032227,,491
491,,2.105526924133301,491
492,2.033949851989746,,492
492,,2.1042230129241943,492
493,2.032642364501953,,493
493,,2.1029458045959473,493
494,2.031334400177002,,494
494,,2.1016812324523926,494
495,2.030024528503418,,495
495,,2.1004090309143066,495
496,2.0287139415740967,,496
496,,2.0991334915161133,496
497,2.027402877807617,,497
497,,2.09786319732666,497
498,2.026090145111084,,498
498,,2.0966107845306396,498
499,2.0247766971588135,,499
499,,2.0953547954559326,499
500,2.0234618186950684,,500
500,,2.0941050052642822,500
501,2.0221457481384277,,501
501,,2.0928685665130615,501
502,2.0208280086517334,,502
502,,2.091660976409912,502
503,2.0195088386535645,,503
503,,2.090480089187622,503
504,2.0181901454925537,,504
504,,2.0893139839172363,504
505,2.016869306564331,,505
505,,2.088172674179077,505
506,2.0155482292175293,,506
506,,2.0870490074157715,506
507,2.014225721359253,,507
507,,2.08591365814209,507
508,2.012901782989502,,508
508,,2.0847790241241455,508
509,2.0115764141082764,,509
509,,2.083608388900757,509
510,2.0102505683898926,,510
510,,2.0823934078216553,510
511,2.008924722671509,,511
511,,2.081143379211426,511
512,2.007596492767334,,512
512,,2.0798845291137695,512
513,2.006267786026001,,513
513,,2.0786290168762207,513
514,2.0049376487731934,,514
514,,2.077378511428833,514
515,2.0036067962646484,,515
515,,2.0761258602142334,515
516,2.00227427482605,,516
516,,2.0749008655548096,516
517,2.000941514968872,,517
517,,2.0736944675445557,517
518,1.9996088743209839,,518
518,,2.072512149810791,518
519,1.9982752799987793,,519
519,,2.0713305473327637,519
520,1.9969408512115479,,520
520,,2.070133924484253,520
521,1.9956045150756836,,521
521,,2.0689454078674316,521
522,1.994266390800476,,522
522,,2.0677847862243652,522
523,1.9929267168045044,,523
523,,2.066631555557251,523
524,1.9915865659713745,,524
524,,2.065476417541504,524
525,1.9902458190917969,,525
525,,2.0643091201782227,525
526,1.9889039993286133,,526
526,,2.063154697418213,526
527,1.9875622987747192,,527
527,,2.06199049949646,527
528,1.9862185716629028,,528
528,,2.060790538787842,528
529,1.9848729372024536,,529
529,,2.0595643520355225,529
530,1.9835258722305298,,530
530,,2.0583200454711914,530
531,1.9821780920028687,,531
531,,2.0570759773254395,531
532,1.9808300733566284,,532
532,,2.055856943130493,532
533,1.9794806241989136,,533
533,,2.0546553134918213,533
534,1.9781315326690674,,534
534,,2.0534284114837646,534
535,1.9767802953720093,,535
535,,2.05218243598938,535
536,1.9754284620285034,,536
536,,2.0509145259857178,536
537,1.9740760326385498,,537
537,,2.0496020317077637,537
538,1.9727237224578857,,538
538,,2.048275947570801,538
539,1.9713696241378784,,539
539,,2.046936273574829,539
540,1.9700137376785278,,540
540,,2.0456292629241943,540
541,1.968660593032837,,541
541,,2.0443499088287354,541
542,1.96730637550354,,542
542,,2.043107748031616,542
543,1.9659502506256104,,543
543,,2.0418965816497803,543
544,1.9645934104919434,,544
544,,2.040693521499634,544
545,1.9632363319396973,,545
545,,2.0394790172576904,545
546,1.9618785381317139,,546
546,,2.0382821559906006,546
547,1.960520625114441,,547
547,,2.037102460861206,547
548,1.9591617584228516,,548
548,,2.035935163497925,548
549,1.9578043222427368,,549
549,,2.034752368927002,549
550,1.956446886062622,,550
550,,2.0335586071014404,550
551,1.95508873462677,,551
551,,2.032343864440918,551
552,1.9537302255630493,,552
552,,2.0311005115509033,552
553,1.95237135887146,,553
553,,2.029846668243408,553
554,1.9510115385055542,,554
554,,2.0286033153533936,554
555,1.9496527910232544,,555
555,,2.027369499206543,555
556,1.9482946395874023,,556
556,,2.0261597633361816,556
557,1.946936845779419,,557
557,,2.024972915649414,557
558,1.9455785751342773,,558
558,,2.0238137245178223,558
559,1.9442217350006104,,559
559,,2.022686004638672,559
560,1.9428659677505493,,560
560,,2.021573066711426,560
561,1.941511631011963,,561
561,,2.0204262733459473,561
562,1.9401570558547974,,562
562,,2.0192348957061768,562
563,1.9388014078140259,,563
563,,2.0180087089538574,563
564,1.9374445676803589,,564
564,,2.0167341232299805,564
565,1.9360873699188232,,565
565,,2.015456438064575,565
566,1.9347312450408936,,566
566,,2.014177083969116,566
567,1.9333727359771729,,567
567,,2.0128703117370605,567
568,1.9320158958435059,,568
568,,2.0115621089935303,568
569,1.9306596517562866,,569
569,,2.0102810859680176,569
570,1.9293051958084106,,570
570,,2.0090577602386475,570
571,1.9279496669769287,,571
571,,2.007882595062256,571
572,1.9265942573547363,,572
572,,2.0067806243896484,572
573,1.9252396821975708,,573
573,,2.0057144165039062,573
574,1.9238837957382202,,574
574,,2.0046422481536865,574
575,1.9225276708602905,,575
575,,2.0035312175750732,575
576,1.9211719036102295,,576
576,,2.0023982524871826,576
577,1.9198158979415894,,577
577,,2.0012388229370117,577
578,1.9184600114822388,,578
578,,2.0000367164611816,578
579,1.917104721069336,,579
579,,1.9987751245498657,579
580,1.91575026512146,,580
580,,1.997490406036377,580
581,1.9143962860107422,,581
581,,1.9962188005447388,581
582,1.913041353225708,,582
582,,1.9949630498886108,582
583,1.9116863012313843,,583
583,,1.993760347366333,583
584,1.910333514213562,,584
584,,1.9925569295883179,584
585,1.908981204032898,,585
585,,1.9912941455841064,585
586,1.9076284170150757,,586
586,,1.989989995956421,586
587,1.9062749147415161,,587
587,,1.9886637926101685,587
588,1.9049214124679565,,588
588,,1.9873186349868774,588
589,1.9035682678222656,,589
589,,1.985960841178894,589
590,1.902217149734497,,590
590,,1.9846055507659912,590
591,1.9008663892745972,,591
591,,1.9832392930984497,591
592,1.8995164632797241,,592
592,,1.9818758964538574,592
593,1.8981646299362183,,593
593,,1.980551838874817,593
594,1.896814227104187,,594
594,,1.9792883396148682,594
595,1.8954639434814453,,595
595,,1.9780588150024414,595
596,1.8941128253936768,,596
596,,1.9768084287643433,596
597,1.8927626609802246,,597
597,,1.975534200668335,597
598,1.891412377357483,,598
598,,1.9742010831832886,598
599,1.8900634050369263,,599
599,,1.9728286266326904,599
600,1.8887147903442383,,600
600,,1.971400499343872,600
601,1.887366533279419,,601
601,,1.9699493646621704,601
602,1.886019229888916,,602
602,,1.9685016870498657,602
603,1.8846732378005981,,603
603,,1.9670294523239136,603
604,1.8833268880844116,,604
604,,1.9655379056930542,604
605,1.8819812536239624,,605
605,,1.9640501737594604,605
606,1.8806332349777222,,606
606,,1.9625663757324219,606
607,1.8792853355407715,,607
607,,1.9611198902130127,607
608,1.877939224243164,,608
608,,1.9597251415252686,608
609,1.8765952587127686,,609
609,,1.9583525657653809,609
610,1.8752527236938477,,610
610,,1.95702064037323,610
611,1.8739111423492432,,611
611,,1.9556695222854614,611
612,1.8725699186325073,,612
612,,1.9542988538742065,612
613,1.8712279796600342,,613
613,,1.9529764652252197,613
614,1.8698865175247192,,614
614,,1.9516671895980835,614
615,1.868545413017273,,615
615,,1.9503682851791382,615
616,1.8672034740447998,,616
616,,1.9490715265274048,616
617,1.865861177444458,,617
617,,1.9477763175964355,617
618,1.8645213842391968,,618
618,,1.946443796157837,618
619,1.8631829023361206,,619
619,,1.9451029300689697,619
620,1.8618464469909668,,620
620,,1.9437711238861084,620
621,1.860509991645813,,621
621,,1.9424633979797363,621
622,1.859174370765686,,622
622,,1.941156268119812,622
623,1.8578389883041382,,623
623,,1.9398679733276367,623
624,1.8565040826797485,,624
624,,1.938595175743103,624
625,1.8551690578460693,,625
625,,1.93733549118042,625
626,1.8538341522216797,,626
626,,1.936100959777832,626
627,1.8524997234344482,,627
627,,1.9348994493484497,627
628,1.8511648178100586,,628
628,,1.9336943626403809,628
629,1.849829912185669,,629
629,,1.9324772357940674,629
630,1.8484958410263062,,630
630,,1.9312151670455933,630
631,1.8471616506576538,,631
631,,1.9299209117889404,631
632,1.8458285331726074,,632
632,,1.9285902976989746,632
633,1.844495415687561,,633
633,,1.9272363185882568,633
634,1.8431624174118042,,634
634,,1.9259047508239746,634
635,1.841829538345337,,635
635,,1.9245957136154175,635
636,1.8404959440231323,,636
636,,1.9232858419418335,636
637,1.8391610383987427,,637
637,,1.9219820499420166,637
638,1.8378269672393799,,638
638,,1.9206701517105103,638
639,1.8364942073822021,,639
639,,1.9193183183670044,639
640,1.8351631164550781,,640
640,,1.9179871082305908,640
641,1.83383309841156,,641
641,,1.9166990518569946,641
642,1.832503080368042,,642
642,,1.915488362312317,642
643,1.8311734199523926,,643
643,,1.9142628908157349,643
644,1.8298448324203491,,644
644,,1.9130303859710693,644
645,1.8285173177719116,,645
645,,1.9117900133132935,645
646,1.8271905183792114,,646
646,,1.9105454683303833,646
647,1.825866460800171,,647
647,,1.9092707633972168,647
648,1.8245424032211304,,648
648,,1.907975673675537,648
649,1.823220133781433,,649
649,,1.9066308736801147,649
650,1.821899175643921,,650
650,,1.905310034751892,650
651,1.8205804824829102,,651
651,,1.9040602445602417,651
652,1.8192613124847412,,652
652,,1.9028148651123047,652
653,1.817943811416626,,653
653,,1.9015291929244995,653
654,1.8166260719299316,,654
654,,1.9002715349197388,654
655,1.815310001373291,,655
655,,1.8990287780761719,655
656,1.8139936923980713,,656
656,,1.897754430770874,656
657,1.8126798868179321,,657
657,,1.8964216709136963,657
658,1.8113676309585571,,658
658,,1.8950926065444946,658
659,1.8100558519363403,,659
659,,1.8938156366348267,659
660,1.8087453842163086,,660
660,,1.8926458358764648,660
661,1.807435393333435,,661
661,,1.8914737701416016,661
662,1.8061264753341675,,662
662,,1.890275478363037,662
663,1.8048173189163208,,663
663,,1.8890360593795776,663
664,1.8035075664520264,,664
664,,1.8878096342086792,664
665,1.802198886871338,,665
665,,1.8866325616836548,665
666,1.8008898496627808,,666
666,,1.885483980178833,666
667,1.7995823621749878,,667
667,,1.8843451738357544,667
668,1.7982745170593262,,668
668,,1.8832714557647705,668
669,1.7969691753387451,,669
669,,1.8822318315505981,669
670,1.7956653833389282,,670
670,,1.881174087524414,670
671,1.794363021850586,,671
671,,1.8801344633102417,671
672,1.793060302734375,,672
672,,1.8791096210479736,672
673,1.7917596101760864,,673
673,,1.8781228065490723,673
674,1.7904605865478516,,674
674,,1.8771374225616455,674
675,1.7891643047332764,,675
675,,1.8761663436889648,675
676,1.7878689765930176,,676
676,,1.8751498460769653,676
677,1.7865747213363647,,677
677,,1.8740785121917725,677
678,1.7852809429168701,,678
678,,1.872985601425171,678
679,1.7839887142181396,,679
679,,1.8718667030334473,679
680,1.7826967239379883,,680
680,,1.8707355260849,680
681,1.781407356262207,,681
681,,1.8695909976959229,681
682,1.780119776725769,,682
682,,1.868436336517334,682
683,1.7788325548171997,,683
683,,1.8672707080841064,683
684,1.7775473594665527,,684
684,,1.8661161661148071,684
685,1.7762653827667236,,685
685,,1.865001916885376,685
686,1.7749837636947632,,686
686,,1.8639081716537476,686
687,1.7737053632736206,,687
687,,1.8627713918685913,687
688,1.772430181503296,,688
688,,1.8615514039993286,688
689,1.7711575031280518,,689
689,,1.8602606058120728,689
690,1.7698876857757568,,690
690,,1.858962893486023,690
691,1.7686198949813843,,691
691,,1.8576444387435913,691
692,1.76735258102417,,692
692,,1.8563005924224854,692
693,1.7660861015319824,,693
693,,1.8549937009811401,693
694,1.7648203372955322,,694
694,,1.8537274599075317,694
695,1.763555645942688,,695
695,,1.8524789810180664,695
696,1.7622932195663452,,696
696,,1.8513109683990479,696
697,1.7610327005386353,,697
697,,1.8501901626586914,697
698,1.759772539138794,,698
698,,1.8490902185440063,698
699,1.758514404296875,,699
699,,1.8479348421096802,699
700,1.7572574615478516,,700
700,,1.8467206954956055,700
701,1.7560044527053833,,701
701,,1.8455169200897217,701
702,1.7547545433044434,,702
702,,1.8443430662155151,702
703,1.7535063028335571,,703
703,,1.8432586193084717,703
704,1.7522584199905396,,704
704,,1.8422131538391113,704
705,1.751011848449707,,705
705,,1.8411622047424316,705
706,1.7497668266296387,,706
706,,1.840091586112976,706
707,1.7485251426696777,,707
707,,1.83900785446167,707
708,1.7472854852676392,,708
708,,1.8378872871398926,708
709,1.746048092842102,,709
709,,1.8367360830307007,709
710,1.744810700416565,,710
710,,1.8355909585952759,710
711,1.7435753345489502,,711
711,,1.834431767463684,711
712,1.7423416376113892,,712
712,,1.833303451538086,712
713,1.74111008644104,,713
713,,1.8322001695632935,713
714,1.739881992340088,,714
714,,1.831058144569397,714
715,1.7386538982391357,,715
715,,1.829904317855835,715
716,1.7374272346496582,,716
716,,1.8287512063980103,716
717,1.7362031936645508,,717
717,,1.8276530504226685,717
718,1.7349798679351807,,718
718,,1.8265700340270996,718
719,1.7337560653686523,,719
719,,1.8254966735839844,719
720,1.7325341701507568,,720
720,,1.8244283199310303,720
721,1.7313141822814941,,721
721,,1.8233791589736938,721
722,1.7300975322723389,,722
722,,1.822322130203247,722
723,1.7288830280303955,,723
723,,1.8212308883666992,723
724,1.7276679277420044,,724
724,,1.8201303482055664,724
725,1.7264543771743774,,725
725,,1.8190611600875854,725
726,1.7252440452575684,,726
726,,1.8180676698684692,726
727,1.7240376472473145,,727
727,,1.8171420097351074,727
728,1.722832441329956,,728
728,,1.816235065460205,728
729,1.721629023551941,,729
729,,1.8153258562088013,729
730,1.7204277515411377,,730
730,,1.8143672943115234,730
731,1.7192301750183105,,731
731,,1.8133140802383423,731
732,1.7180360555648804,,732
732,,1.812308669090271,732
733,1.7168443202972412,,733
733,,1.8113634586334229,733
734,1.7156578302383423,,734
734,,1.810402274131775,734
735,1.7144725322723389,,735
735,,1.8094162940979004,735
736,1.713288426399231,,736
736,,1.808367133140564,736
737,1.7121070623397827,,737
737,,1.8072935342788696,737
738,1.7109304666519165,,738
738,,1.8062078952789307,738
739,1.7097545862197876,,739
739,,1.8051085472106934,739
740,1.7085843086242676,,740
740,,1.8039782047271729,740
741,1.7074170112609863,,741
741,,1.8028746843338013,741
742,1.7062524557113647,,742
742,,1.8017538785934448,742
743,1.7050901651382446,,743
743,,1.8006118535995483,743
744,1.7039308547973633,,744
744,,1.7994006872177124,744
745,1.7027746438980103,,745
745,,1.7981880903244019,745
746,1.7016205787658691,,746
746,,1.7969739437103271,746
747,1.7004680633544922,,747
747,,1.7957863807678223,747
748,1.6993175745010376,,748
748,,1.7946605682373047,748
749,1.698169469833374,,749
749,,1.7935936450958252,749
750,1.6970247030258179,,750
750,,1.79250168800354,750
751,1.6958814859390259,,751
751,,1.791393518447876,751
752,1.6947400569915771,,752
752,,1.790244698524475,752
753,1.6936014890670776,,753
753,,1.7890537977218628,753
754,1.6924666166305542,,754
754,,1.7878819704055786,754
755,1.6913331747055054,,755
755,,1.7867258787155151,755
756,1.69020414352417,,756
756,,1.785643458366394,756
757,1.6890766620635986,,757
757,,1.7846335172653198,757
758,1.6879514455795288,,758
758,,1.783618450164795,758
759,1.6868282556533813,,759
759,,1.7826107740402222,759
760,1.6857088804244995,,760
760,,1.781569242477417,760
761,1.6845893859863281,,761
761,,1.7804898023605347,761
762,1.6834731101989746,,762
762,,1.7794166803359985,762
763,1.6823573112487793,,763
763,,1.7783615589141846,763
764,1.6812440156936646,,764
764,,1.7773454189300537,764
765,1.6801326274871826,,765
765,,1.7763125896453857,765
766,1.6790261268615723,,766
766,,1.7752766609191895,766
767,1.677922010421753,,767
767,,1.7742371559143066,767
768,1.6768193244934082,,768
768,,1.7732223272323608,768
769,1.6757192611694336,,769
769,,1.7722407579421997,769
770,1.6746222972869873,,770
770,,1.7712938785552979,770
771,1.6735275983810425,,771
771,,1.7703524827957153,771
772,1.6724388599395752,,772
772,,1.7693582773208618,772
773,1.6713504791259766,,773
773,,1.7683178186416626,773
774,1.6702648401260376,,774
774,,1.7672476768493652,774
775,1.6691806316375732,,775
775,,1.7661722898483276,775
776,1.6680998802185059,,776
776,,1.7651240825653076,776
777,1.6670187711715698,,777
777,,1.7641451358795166,777
778,1.6659376621246338,,778
778,,1.7632648944854736,778
779,1.664858102798462,,779
779,,1.7623915672302246,779
780,1.663785457611084,,780
780,,1.761465072631836,780
781,1.662712812423706,,781
781,,1.7605242729187012,781
782,1.6616418361663818,,782
782,,1.7595906257629395,782
783,1.6605733633041382,,783
783,,1.7586661577224731,783
784,1.6595070362091064,,784
784,,1.7577273845672607,784
785,1.658444881439209,,785
785,,1.7567957639694214,785
786,1.6573848724365234,,786
786,,1.7558629512786865,786
787,1.6563286781311035,,787
787,,1.7549054622650146,787
788,1.6552761793136597,,788
788,,1.7539526224136353,788
789,1.654225468635559,,789
789,,1.7530680894851685,789
790,1.6531758308410645,,790
790,,1.7522045373916626,790
791,1.6521291732788086,,791
791,,1.7513483762741089,791
792,1.6510833501815796,,792
792,,1.7505279779434204,792
793,1.6500396728515625,,793
793,,1.7496989965438843,793
794,1.6489982604980469,,794
794,,1.7488387823104858,794
795,1.6479564905166626,,795
795,,1.7479544878005981,795
796,1.6469169855117798,,796
796,,1.7470389604568481,796
797,1.6458808183670044,,797
797,,1.7461284399032593,797
798,1.64484703540802,,798
798,,1.7452951669692993,798
799,1.6438144445419312,,799
799,,1.7445156574249268,799
800,1.6427861452102661,,800
800,,1.7437465190887451,800
801,1.6417627334594727,,801
801,,1.7429487705230713,801
802,1.6407402753829956,,802
802,,1.7420827150344849,802
803,1.63972008228302,,803
803,,1.7411664724349976,803
804,1.6387012004852295,,804
804,,1.7402458190917969,804
805,1.6376862525939941,,805
805,,1.7393670082092285,805
806,1.636672854423523,,806
806,,1.7384734153747559,806
807,1.6356648206710815,,807
807,,1.7375746965408325,807
808,1.634660005569458,,808
808,,1.736654281616211,808
809,1.6336584091186523,,809
809,,1.7357537746429443,809
810,1.6326582431793213,,810
810,,1.7348594665527344,810
811,1.6316629648208618,,811
811,,1.7339802980422974,811
812,1.6306666135787964,,812
812,,1.7331111431121826,812
813,1.6296747922897339,,813
813,,1.7321871519088745,813
814,1.628683090209961,,814
814,,1.7311904430389404,814
815,1.627694845199585,,815
815,,1.7301945686340332,815
816,1.6267091035842896,,816
816,,1.7292732000350952,816
817,1.6257226467132568,,817
817,,1.7283711433410645,817
818,1.6247422695159912,,818
818,,1.7274835109710693,818
819,1.6237616539001465,,819
819,,1.7266170978546143,819
820,1.6227861642837524,,820
820,,1.7257550954818726,820
821,1.6218146085739136,,821
821,,1.7248526811599731,821
822,1.6208430528640747,,822
822,,1.723939299583435,822
823,1.6198770999908447,,823
823,,1.7230534553527832,823
824,1.618911623954773,,824
824,,1.722118854522705,824
825,1.6179499626159668,,825
825,,1.7211500406265259,825
826,1.6169909238815308,,826
826,,1.7201472520828247,826
827,1.6160324811935425,,827
827,,1.7191510200500488,827
828,1.6150778532028198,,828
828,,1.7182236909866333,828
829,1.6141257286071777,,829
829,,1.7173482179641724,829
830,1.6131738424301147,,830
830,,1.7164769172668457,830
831,1.6122266054153442,,831
831,,1.7155522108078003,831
832,1.6112761497497559,,832
832,,1.71464204788208,832
833,1.610330581665039,,833
833,,1.7137736082077026,833
834,1.6093875169754028,,834
834,,1.7130067348480225,834
835,1.6084455251693726,,835
835,,1.712314248085022,835
836,1.6075087785720825,,836
836,,1.711593747138977,836
837,1.6065759658813477,,837
837,,1.7108089923858643,837
838,1.6056461334228516,,838
838,,1.7100367546081543,838
839,1.6047146320343018,,839
839,,1.7093100547790527,839
840,1.60378897190094,,840
840,,1.7085075378417969,840
841,1.6028650999069214,,841
841,,1.7076542377471924,841
842,1.601942539215088,,842
842,,1.7067781686782837,842
843,1.601019024848938,,843
843,,1.7058452367782593,843
844,1.600097417831421,,844
844,,1.7048553228378296,844
845,1.5991802215576172,,845
845,,1.7039130926132202,845
846,1.5982646942138672,,846
846,,1.7031049728393555,846
847,1.5973536968231201,,847
847,,1.702339768409729,847
848,1.5964441299438477,,848
848,,1.7015570402145386,848
849,1.59553861618042,,849
849,,1.7007722854614258,849
850,1.594637393951416,,850
850,,1.6999574899673462,850
851,1.5937387943267822,,851
851,,1.699110746383667,851
852,1.5928418636322021,,852
852,,1.698334813117981,852
853,1.5919486284255981,,853
853,,1.6975985765457153,853
854,1.5910565853118896,,854
854,,1.696901798248291,854
855,1.59016752243042,,855
855,,1.6962213516235352,855
856,1.5892822742462158,,856
856,,1.695529818534851,856
857,1.5883991718292236,,857
857,,1.6947696208953857,857
858,1.5875158309936523,,858
858,,1.693954586982727,858
859,1.586635947227478,,859
859,,1.6931179761886597,859
860,1.5857573747634888,,860
860,,1.692301630973816,860
861,1.58488130569458,,861
861,,1.6914676427841187,861
862,1.5840060710906982,,862
862,,1.6906945705413818,862
863,1.5831332206726074,,863
863,,1.689939022064209,863
864,1.582265019416809,,864
864,,1.6891895532608032,864
865,1.5813978910446167,,865
865,,1.6884219646453857,865
866,1.5805374383926392,,866
866,,1.6876435279846191,866
867,1.579680323600769,,867
867,,1.686917781829834,867
868,1.5788264274597168,,868
868,,1.686219573020935,868
869,1.5779739618301392,,869
869,,1.6855133771896362,869
870,1.5771260261535645,,870
870,,1.6847634315490723,870
871,1.5762823820114136,,871
871,,1.684049129486084,871
872,1.5754408836364746,,872
872,,1.6833935976028442,872
873,1.574601650238037,,873
873,,1.6827447414398193,873
874,1.573765516281128,,874
874,,1.6820591688156128,874
875,1.5729305744171143,,875
875,,1.6813400983810425,875
876,1.572095513343811,,876
876,,1.6805307865142822,876
877,1.5712627172470093,,877
877,,1.6797761917114258,877
878,1.5704345703125,,878
878,,1.6791523694992065,878
879,1.569605827331543,,879
879,,1.6785802841186523,879
880,1.5687811374664307,,880
880,,1.6779910326004028,880
881,1.567960500717163,,881
881,,1.6773632764816284,881
882,1.5671416521072388,,882
882,,1.6767783164978027,882
883,1.5663237571716309,,883
883,,1.6761956214904785,883
884,1.56550931930542,,884
884,,1.6756093502044678,884
885,1.564697265625,,885
885,,1.6750363111495972,885
886,1.5638877153396606,,886
886,,1.6744310855865479,886
887,1.5630816221237183,,887
887,,1.6737544536590576,887
888,1.5622745752334595,,888
888,,1.673035979270935,888
889,1.5614731311798096,,889
889,,1.672327995300293,889
890,1.5606735944747925,,890
890,,1.6716153621673584,890
891,1.559876561164856,,891
891,,1.670983910560608,891
892,1.5590816736221313,,892
892,,1.6703858375549316,892
893,1.5582900047302246,,893
893,,1.6697026491165161,893
894,1.5574997663497925,,894
894,,1.668988823890686,894
895,1.5567121505737305,,895
895,,1.6683179140090942,895
896,1.555928349494934,,896
896,,1.6676952838897705,896
897,1.555147409439087,,897
897,,1.6671119928359985,897
898,1.5543686151504517,,898
898,,1.666532039642334,898
899,1.5535931587219238,,899
899,,1.6658871173858643,899
900,1.5528191328048706,,900
900,,1.6652476787567139,900
901,1.5520497560501099,,901
901,,1.6646521091461182,901
902,1.5512831211090088,,902
902,,1.6641604900360107,902
903,1.5505187511444092,,903
903,,1.6636744737625122,903
904,1.5497570037841797,,904
904,,1.6631684303283691,904
905,1.5489968061447144,,905
905,,1.6626002788543701,905
906,1.5482394695281982,,906
906,,1.6620376110076904,906
907,1.5474846363067627,,907
907,,1.661423683166504,907
908,1.5467334985733032,,908
908,,1.660886526107788,908
909,1.545985221862793,,909
909,,1.660423755645752,909
910,1.5452395677566528,,910
910,,1.6599395275115967,910
911,1.5444960594177246,,911
911,,1.6594624519348145,911
912,1.5437532663345337,,912
912,,1.658939242362976,912
913,1.5430148839950562,,913
913,,1.6583465337753296,913
914,1.5422782897949219,,914
914,,1.6578521728515625,914
915,1.541540503501892,,915
915,,1.6573878526687622,915
916,1.540808081626892,,916
916,,1.656813144683838,916
917,1.5400768518447876,,917
917,,1.6562628746032715,917
918,1.5393497943878174,,918
918,,1.6557624340057373,918
919,1.5386226177215576,,919
919,,1.65524423122406,919
920,1.5378981828689575,,920
920,,1.6546556949615479,920
921,1.5371757745742798,,921
921,,1.6541317701339722,921
922,1.5364574193954468,,922
922,,1.653652310371399,922
923,1.5357400178909302,,923
923,,1.6530624628067017,923
924,1.5350230932235718,,924
924,,1.6524595022201538,924
925,1.5343111753463745,,925
925,,1.6519279479980469,925
926,1.5336017608642578,,926
926,,1.6513586044311523,926
927,1.5328952074050903,,927
927,,1.6507314443588257,927
928,1.532192349433899,,928
928,,1.650052785873413,928
929,1.5314897298812866,,929
929,,1.6493875980377197,929
930,1.5307910442352295,,930
930,,1.648760199546814,930
931,1.5300942659378052,,931
931,,1.6480717658996582,931
932,1.5293974876403809,,932
932,,1.6473896503448486,932
933,1.5287061929702759,,933
933,,1.646693468093872,933
934,1.5280200242996216,,934
934,,1.6461446285247803,934
935,1.5273364782333374,,935
935,,1.6457209587097168,935
936,1.526651382446289,,936
936,,1.6453105211257935,936
937,1.5259703397750854,,937
937,,1.6448487043380737,937
938,1.5252920389175415,,938
938,,1.64430570602417,938
939,1.5246156454086304,,939
939,,1.6437748670578003,939
940,1.5239415168762207,,940
940,,1.6433082818984985,940
941,1.5232685804367065,,941
941,,1.642877459526062,941
942,1.5226006507873535,,942
942,,1.6423938274383545,942
943,1.5219324827194214,,943
943,,1.6418416500091553,943
944,1.521268367767334,,944
944,,1.6412200927734375,944
945,1.520606517791748,,945
945,,1.640676498413086,945
946,1.5199463367462158,,946
946,,1.6400903463363647,946
947,1.5192886590957642,,947
947,,1.6394009590148926,947
948,1.5186312198638916,,948
948,,1.6387509107589722,948
949,1.5179790258407593,,949
949,,1.6381535530090332,949
950,1.5173264741897583,,950
950,,1.6375566720962524,950
951,1.5166773796081543,,951
951,,1.6369284391403198,951
952,1.5160290002822876,,952
952,,1.6363012790679932,952
953,1.5153841972351074,,953
953,,1.6357781887054443,953
954,1.5147418975830078,,954
954,,1.6352967023849487,954
955,1.5141018629074097,,955
955,,1.6347860097885132,955
956,1.5134632587432861,,956
956,,1.6343066692352295,956
957,1.5128270387649536,,957
957,,1.633835792541504,957
958,1.5121960639953613,,958
958,,1.6333677768707275,958
959,1.5115649700164795,,959
959,,1.6329357624053955,959
960,1.5109374523162842,,960
960,,1.6324801445007324,960
961,1.5103108882904053,,961
961,,1.6319650411605835,961
962,1.5096865892410278,,962
962,,1.631445050239563,962
963,1.5090663433074951,,963
963,,1.6310163736343384,963
964,1.5084446668624878,,964
964,,1.630547046661377,964
965,1.507826805114746,,965
965,,1.63003408908844,965
966,1.50721275806427,,966
966,,1.629563808441162,966
967,1.5065988302230835,,967
967,,1.6290487051010132,967
968,1.505987524986267,,968
968,,1.6286276578903198,968
969,1.5053801536560059,,969
969,,1.6281957626342773,969
970,1.504771113395691,,970
970,,1.6277415752410889,970
971,1.5041658878326416,,971
971,,1.6271899938583374,971
972,1.503560185432434,,972
972,,1.626646876335144,972
973,1.5029585361480713,,973
973,,1.6262717247009277,973
974,1.5023558139801025,,974
974,,1.6259067058563232,974
975,1.5017507076263428,,975
975,,1.6254398822784424,975
976,1.501152753829956,,976
976,,1.625027060508728,976
977,1.5005542039871216,,977
977,,1.6245580911636353,977
978,1.4999550580978394,,978
978,,1.6240719556808472,978
979,1.4993618726730347,,979
979,,1.6236580610275269,979
980,1.4987672567367554,,980
980,,1.6232129335403442,980
981,1.4981746673583984,,981
981,,1.622672438621521,981
982,1.4975874423980713,,982
982,,1.6222126483917236,982
983,1.4969995021820068,,983
983,,1.6216665506362915,983
984,1.4964168071746826,,984
984,,1.6211527585983276,984
985,1.4958332777023315,,985
985,,1.6207441091537476,985
986,1.495251178741455,,986
986,,1.620284080505371,986
987,1.4946715831756592,,987
987,,1.6198214292526245,987
988,1.4940956830978394,,988
988,,1.6194114685058594,988
989,1.4935197830200195,,989
989,,1.6190927028656006,989
990,1.4929478168487549,,990
990,,1.6187139749526978,990
991,1.4923778772354126,,991
991,,1.6182641983032227,991
992,1.491809606552124,,992
992,,1.6178041696548462,992
993,1.4912371635437012,,993
993,,1.6173882484436035,993
994,1.4906694889068604,,994
994,,1.6170530319213867,994
995,1.490103840827942,,995
995,,1.6166589260101318,995
996,1.489540934562683,,996
996,,1.616268277168274,996
997,1.4889795780181885,,997
997,,1.615906834602356,997
998,1.4884177446365356,,998
998,,1.6154811382293701,998
999,1.4878586530685425,,999
999,,1.6150883436203003,999
